客户名称,沟通记录,externalId,客户编号,沟通时间
华东精密制造,"销售：张总您好，上周发您的报价看过了吗？
客户：看了，价格还行，但你们说的""三天完成部署""我们内部有人质疑。
销售：三天是标准环境，你们有定制需求的话会久一点。
客户：那到底几天？我要给领导一个数。
销售：我回去确认一下，明天答复您。",crm-2026-0908-11,CRM-EAST-9001,2026-09-08 10:30
华东精密制造,"客户：部署周期确认了吗？
销售：标准部署三到五个工作日，加上你们的定制大概两周。
客户：两周可以接受。那合同什么时候能给？
销售：我这边走个流程，尽快。
客户：""尽快""是多久？我们财务要排付款计划。",crm-2026-0914-03,CRM-EAST-9001,2026-09-14 16:10
云上医疗科技,"客户：我们最关心数据合规，患者数据不能出院内网。
销售：我们支持私有化部署，数据不出域。
客户：有没有做过三甲医院的项目？
销售：有的，我整理两个案例发您。
客户：好，另外需要看等保三级的材料。",crm-2026-0911-27,CRM-MED-2002,2026-09-11 09:00
云上医疗科技,"客户：等保三级材料收到了，谢谢。另外私有化部署的实施周期大概多久？
销售：标准实施两周，我们保证如期上线，不会耽误你们的验收时间。
客户：好，那我们准备走合同流程了。",crm-2026-0916-08,CRM-MED-2002,2026-09-16 14:20
沿海化工集团,"客户：你们这个价格比隔壁厂商报的贵了百分之十五左右。
销售：功能上我们更全，稳定性这块绝对没问题，出问题我们兜底。
客户：那能不能先做个小范围试点？
销售：可以，我这边安排试点方案。",crm-2026-0910-19,CRM-CHEM-3003,2026-09-10 15:40
智慧零售联盟,"客户：多门店库存同步这块，延迟能控制在多久以内？
销售：一般是分钟级同步，具体多店场景我再跟技术确认。
客户：行，另外你们之前有没有做过连锁零售的案例？
销售：有几个，应该没问题吧，我整理案例发你参考。",crm-2026-0912-33,CRM-RETAIL-4004,2026-09-12 10:15
智慧零售联盟,"客户：案例材料还没收到，另外同步延迟的技术确认结果呢？
销售：不好意思，这两天太忙漏掉了，我马上补给你。",crm-2026-0917-05,CRM-RETAIL-4004,2026-09-17 09:30
